PassiveSkillGraphId,Name,Datafile Parsing Index
6,Twin Terrors,0
529,Poisonous Fangs,1
544,Surveillance,2
570,Dazzling Strikes,3
861,Aggressive Bastion,4
1006,Potency of Will,5
1325,Golem's Blood,6
1340,Rampart,7
1382,Spirit Void,8
1405,From the Shadows,9
1568,Fatal Blade,10
2225,Eagle Eye,11
2275,Nature's Concoction,12
2550,Arsonist,13
2599,Prepared Response,14
2715,Quickstep,15
2959,Season of Ice,16
3309,Fleetfoot,17
3452,Foresight,18
4177,Spiritual Aid,19
4207,Window of Opportunity,20
4481,Forces of Nature,21
4833,Vigour,22
4854,Asylum,23
4918,Indiscriminate Revenge,24
4940,Cleaving,25
5126,Spinecruncher,26
5289,Battle Rouse,27
5430,Magmatic Strikes,28
5456,Might,29
5823,Coordination,30
6233,Blast Waves,31
6237,Precision,32
6289,Bloodless,33
6615,Arcing Blows,34
6770,Arcane Guarding,35
6783,Savage Skewering,36
6799,Charisma,37
6967,Safeguard,38
7069,Split Shot,39
7085,Weapon Artistry,40
7136,Master Sapper,41
7263,Swift Venoms,42
7440,Harvester of Foes,43
7555,Crackling Speed,44
7688,Enduring Bond,45
7918,Enigmatic Defence,46
8001,Clever Thief,47
8135,Practical Application,48
8458,Longshot,49
8833,Heart of Ice,50
8920,Backstabbing,51
9015,Dire Torment,52
9055,Volatile Mines,53
9194,Merciless Skewering,54
9261,Disciple of the Forbidden,55
9432,Mental Rapidity,56
9535,Hunter's Gambit,57
9567,Light Eater,58
9788,Nimbleness,59
9864,Growth and Decay,60
10016,Executioner,61
10115,Prodigal Perfection,62
10153,Physique,63
10511,Tolerance,64
10542,Spiked Bulwark,65
10835,Dreamer,66
11420,Arcanist's Dominion,67
11645,Breath of Lightning,68
11730,Endurance,69
11784,Vampirism,70
11820,Anointed Flesh,71
11924,Breath of Flames,72
12033,Wicked Blade,73
12143,Influence,74
12702,Path of the Warrior,75
12795,Versatility,76
12809,Berserking,77
12878,Retaliation,78
13164,Divine Judgement,79
13375,Multishot,80
13703,Defiant Stand,81
13922,Steadfast,82
13935,Thrill of Battle,83
14001,Unfaltering,84
14606,Butchery,85
14665,Divine Wrath,86
14813,Revelry,87
15027,Beef,88
15046,Redemption,89
15085,Ambidexterity,90
15226,Cruel Retort,91
15290,Watchtowers,92
15344,Freedom of Movement,93
15400,Skittering Runes,94
15437,Deflection,95
15614,Claws of the Hawk,96
15711,Blast Radius,97
15842,One With Nature,98
15852,Ethereal Feast,99
16236,Toxic Strikes,100
16243,Fusillade,101
16703,Skull Cracking,102
17171,Flash Freeze,103
17608,Silent Steps,104
18025,Hard Knocks,105
18174,Mystic Bulwark,106
18357,Feline Swiftness,107
18703,Graceful Assault,108
18707,Perfectionist,109
18769,Written in Blood,110
18865,Melding,111
19069,Thick Skin,112
19103,Righteous Army,113
19144,Sentinel,114
19506,Path of the Hunter,115
19730,Assured Strike,116
19794,Concussive Force,117
19858,Herbalism,118
19897,Death Attunement,119
20261,Contemplative Meditation,120
20528,Instability,121
20832,Sanctuary,122
20835,Brinkmanship,123
21228,Piercing Shots,124
21297,High Explosives,125
21330,Quick Recovery,126
21389,Runesmith,127
21413,Combat Stamina,128
21435,Cloth and Chain,129
21460,Breath of Rime,130
21602,Destructive Apparatus,131
21634,Arcane Chemistry,132
21958,Cruel Preparation,133
21973,Decay Ward,134
22133,Invigorating Blaze,135
22356,Hematophagy,136
22535,Whispers of Doom,137
22702,Serpent Stance,138
22706,Savage Intensity,139
22972,Wandslinger,140
23038,Slaughter,141
23066,Savagery,142
23690,Essence Infusion,143
24050,Coldhearted Calculation,144
24067,Instinct,145
24133,Survivalist,146
24256,Dynamo,147
24324,Explosive Impact,148
24362,Deep Thoughts,149
24383,Warrior's Blood,150
24716,Battle Trance,151
24721,Ribcage Crusher,152
24858,Harpooner,153
25058,Blood Siphon,154
25178,Primal Spirit,155
25367,Blade Master,156
25409,Indomitable Army,157
25411,Infused,158
25439,Undertaker,159
25456,Dervish,160
25738,Relentless Pursuit,161
25970,Acrimony,162
25989,Nomadic Teachings,163
26023,Savage Wounds,164
26096,Hatchet Master,165
26294,Bloodletting,166
26557,Static Blows,167
26564,Vanquisher,168
26620,Corruption,169
26763,Perfected Formula,170
26866,Sanctity,171
26960,Forethought,172
27119,Tribal Fury,173
27137,Sanctum of Thought,174
27163,Arcane Will,175
27190,Overprepared,176
27203,Heart and Soul,177
27301,Martial Experience,178
27308,Gravepact,179
27422,Spirit of War,180
27611,Lord of the Dead,181
27623,Harsh Lessons,182
27788,Blood Drinker,183
27806,As The Thunder,184
27929,Deep Wisdom,185
28034,Empowered Bond,186
28449,Surge of Vigour,187
28503,Life Raker,188
28754,Assassination,189
28878,Relentless,190
29049,Holy Fire,191
29381,Ravenous Horde,192
29522,Dance of Blades,193
29861,Explosive Runes,194
30160,Fending,195
30225,Lightning Walker,196
30302,Hearty,197
30439,Lava Lash,198
30471,True Strike,199
30693,Divine Fervour,200
30974,Expert Hunter,201
31033,Robust,202
31257,Natural Authority,203
31359,Fatal Toxins,204
31473,Master of Wounds,205
31508,Aspect of the Lynx,206
31513,Adjacent Animosity,207
31585,Careful Conservationist,208
32059,Titanic Impacts,209
32176,Soul Thief,210
32227,Adder's Touch,211
32245,Expertise,212
32345,Alacrity,213
32455,Storm Weaver,214
32681,Mark the Prey,215
32738,Wall of Steel,216
32932,Sovereignty,217
33082,Razor's Edge,218
33287,Juggernaut,219
33435,Holy Dominion,220
33545,Harrier,221
33582,Forceful Skewering,222
33718,Champion of the Cause,223
33725,Swagger,224
33777,Devastating Devices,225
33903,Will of Blades,226
34009,Master of the Arena,227
34173,Overcharge,228
34284,Seasoned Swordplay,229
34506,Golem Commander,230
34591,Malicious Intent,231
34601,Proficiency,232
34661,Fire Walker,233
34666,Destroyer,234
34973,Measured Fury,235
34978,Colloidal Mixture,236
35233,Discord Artisan,237
35436,Kinetic Impacts,238
35663,Strong Arm,239
35685,Fearsome Force,240
35894,Trickery,241
35958,Faith and Steel,242
36281,Primeval Force,243
36490,Flaying,244
36687,Avatar of the Hunt,245
36736,Burning Brutality,246
36859,Steelwood Stance,247
36874,Wisdom of the Glade,248
36915,Sacrifice,249
36949,Devotion,250
37078,Path of the Savant,251
37326,Stamina,252
37403,Infused Flesh,253
37425,Practised Reapplication,254
37504,Intuition,255
37647,Dismembering,256
38246,Presage,257
38516,Righteous Decree,258
38849,Searing Heat,259
38922,Goliath,260
39530,Vitality Void,261
39657,Pain Forger,262
39743,Dark Arts,263
39761,Counterweight,264
39904,Brutal Skewering,265
39986,Defiled Forces,266
40619,Awe and Terror,267
40645,Bone Breaker,268
40743,Crystal Skin,269
41119,Lethality,270
41137,Field Medicine,271
41305,Crushing Reply,272
41420,Natural Remedies,273
41472,Discipline and Training,274
41476,Elder Power,275
41595,Marked for Death,276
41870,Winter's Embrace,277
41989,Resourcefulness,278
42009,Soul of Steel,279
42041,Profane Chemistry,280
42443,Frenetic,281
42649,Snowforged,282
42686,Elemental Focus,283
42720,Heavy Draw,284
42795,Arcane Focus,285
42804,Mind Drinker,286
42917,Whirling Barrier,287
43385,Winter Spirit,288
43689,Spiritual Command,289
44102,Efficient Explosives,290
44103,Reflexes,291
44191,As The Mountain,292
44207,Testudo,293
44347,Divine Fury,294
44562,Shaman's Dominion,295
44788,Potent Connections,296
44824,Mysticism,297
44955,Frost Walker,298
44988,Wasting,299
45067,Thrill Killer,300
45283,Cornered Prey,301
45317,"Ash, Frost and Storm",302
45329,Trick Shot,303
45350,Glory of Command,304
45608,Successive Detonations,305
45657,Trial of the Faith,306
45803,Veteran Soldier,307
45945,Conjured Barrier,308
46408,Fangs of the Viper,309
46471,Powerful Bond,310
46842,Arcane Potency,311
46904,Arcane Sanctuary,312
46965,Saboteur,313
47065,Master of Blades,314
47306,Throatseeker,315
47471,Overcharged,316
47484,Depth Perception,317
47743,Farsight,318
48298,Insightfulness,319
48438,Bravery,320
48556,Heart of Darkness,321
48614,Fervour,322
48698,Void Barrier,323
48807,Art of the Gladiator,324
48823,Deadly Draw,325
49254,Retribution,326
49318,Wrecking Ball,327
49379,Hired Killer,328
49416,Adamant,329
49445,Deep Breaths,330
49459,King of the Hill,331
49538,Defiance,332
49621,Acuity,333
49645,Cauterisation,334
49772,Utmost Might,335
49969,Courage,336
50029,Unnatural Calm,337
50197,Ancestral Knowledge,338
50338,Ballistics,339
50690,Replenishing Remedies,340
50842,Veteran's Wrath,341
50858,Admonisher,342
51108,Arcane Capacitor,343
51212,Entropy,344
51440,Druidic Rite,345
51559,Smashing Strikes,346
51748,Last Rites,347
51881,Master Fletcher,348
52030,Burst of Energy,349
52031,Disintegration,350
52090,Feller of Foes,351
52157,Soul Siphon,352
52230,Weathered Hunter,353
52714,Prowess,354
52742,Hasty Demise,355
52789,Circle of Life,356
53013,Atrophy,357
53042,Exceptional Performance,358
53114,Revenge of the Hunted,359
53118,Barbarism,360
53493,Annihilation,361
53573,Arcane Expanse,362
53652,Steeped in the Profane,363
53757,Shamanistic Fury,364
53802,Essence Extraction,365
53840,Vengeance,366
54142,Finesse,367
54268,Blade Barrier,368
54629,Inexorable,369
54694,Light of Divinity,370
54713,Force Shaper,371
54776,Mana Flows,372
54791,Claws of the Magpie,373
55002,Righteous Fury,374
55027,Shining Justice,375
55114,Utmost Intellect,376
55194,Settling Ash,377
55380,Clever Construction,378
55381,Arcane Retaliation,379
55485,Constitution,380
55772,Blacksmith's Clout,381
56029,Agility,382
56094,One with the River,383
56276,Nightstalker,384
56330,Flow of Battle,385
56359,Cannibalistic Rite,386
56648,Claws of the Falcon,387
56716,Heart of Thunder,388
57199,Fangs of Frost,389
57839,Blade of Cunning,390
57900,Command of Steel,391
58032,Serpentine Spellslinger,392
58168,High Voltage,393
58198,Fingers of Frost,394
58218,Purity of Flesh,395
58382,Renowned Deeds,396
58449,Born to Fight,397
58831,Disemboweling,398
58851,Leader of the Pack,399
58921,Disciple of the Slaughter,400
59151,Brutal Blade,401
59423,Escalation,402
59556,Expeditious Munitions,403
59605,Unstable Munitions,404
59766,Dirty Techniques,405
59866,Entrench,406
59976,Careful Counterattack,407
60002,Fury Bolts,408
60031,Prismatic Skin,409
60085,Arcane Conservation,410
60180,Thief's Craft,411
60501,Heart of Flame,412
60619,Galvanic Hammer,413
60737,Sleight of Hand,414
60781,Inspiring Bond,415
61039,Wild Hunger,416
61190,Rallying Icon,417
61198,Heart of the Warrior,418
61308,Amplify,419
61689,Explosive Elements,420
61981,Doom Cast,421
61982,Grave Intentions,422
62094,Taste for Blood,423
62577,Essence Surge,424
62802,Brink of Death,425
62849,Glacial Cage,426
63033,Bannerman,427
63150,Ironwood,428
63207,Tempest Blast,429
63251,Inveterate,430
63422,Lust for Carnage,431
63453,Excess Sustenance,432
63635,Primal Manifestation,433
63727,Gladiator's Perseverance,434
63921,Utmost Swiftness,435
63933,Totemic Zeal,436
63944,Prism Weave,437
63976,Shaper,438
64077,Warrior Training,439
64226,Roaring Challenge,440
64355,Brand Equity,441
64395,Blunt Trauma,442
64882,Disciple of the Unyielding,443
65053,Essence Sap,444
65093,Bladedancer,445
65097,Leadership,446
65107,Bastion Breaker,447
65108,Tireless,448
65210,Heart of Oak,449
65224,Aspect of the Eagle,450
65273,Enigmatic Reach,451
65308,Diamond Skin,452
65502,Heartseeker,453
94,Evasion,454
127,Life on Kill and Recoup,455
223,Slower Rage Decay,456
224,Warcry Cooldown Recovery,457
238,Dexterity,458
265,Claw Critical Strike Chance,459
367,Energy Shield,460
420,Physical and Minion Damage,461
444,Dexterity,462
465,Projectile Damage and Attack Speed,463
476,Strength,464
487,Strength,465
494,Retaliation Skill Damage and Shield Block,466
651,Elemental Resistances,467
655,Slower Mana Burn,468
720,Accuracy and Attack Damage,469
739,Cast Speed,470
864,Impale Effect with Two Handed Weapons,471
885,Fire Damage,472
903,Movement Speed and Spell Suppression,473
918,Attack Speed,474
930,Bow Damage,475
1031,Intelligence,476
1159,Attack Damage and Attack Speed with Shield,477
1201,Attack Damage,478
1203,Life,479
1252,Knockback Chance,480
1346,Spell Critical Strike Chance,481
1354,Rage on Hit,482
1427,Stun Avoidance,483
1461,Dexterity,484
1550,Fire Damage and Life Regeneration,485
1572,Physical Damage Over Time Multiplier,486
1593,Shield Block and Elemental Resistances with a Shield,487
1600,Elemental Damage,488
1609,Minion Life Regeneration,489
1648,Poison Chance,490
1652,Hex Area of Effect,491
1655,Mine Damage,492
1696,Totem Placement Speed and Duration,493
1698,Sword Critical Strike Chance and Multiplier,494
1722,Minion Critical Strike Multiplier,495
1761,Staff Damage and Armour,496
1767,Life and Energy Shield on Kill,497
1822,Life and Energy Shield,498
1891,Mana,499
1909,Two Handed Melee Damage and Attack Speed,500
1957,Cast Speed,501
2081,Curse Mana Reservation Efficiency,502
2092,Melee Damage and Strike Range,503
2094,Evasion and Life,504
2121,Claw Attack Speed,505
2151,Mana Regeneration and Intelligence,506
2185,Bow Attack Speed,507
2219,Life Regeneration,508
2260,Mine Damage,509
2292,Mana and Life,510
2348,Link Mana Cost Efficiency,511
2355,Shield Defences,512
2392,Dual Wield Damage and Block,513
2411,Mace Damage and Stun Duration,514
2413,Slower Mana Burn,515
2454,Two Handed Melee Damage,516
2474,Life Recoup,517
2785,Curse Duration,518
2913,Dexterity,519
3009,Dual Wield Accuracy,520
3089,Link Effect,521
3167,Life Regeneration,522
3187,Movement Speed and Spell Suppression,523
3314,Frenzy Charge Duration,524
3319,Shield Block and Block Recovery,525
3359,Curse Cast Speed,526
3362,Claw Attack Speed and Poison Chance,527
3398,Shock Resistance,528
3424,Dagger Damage and Movement Speed,529
3469,Dexterity,530
3533,Life and Cost Efficiency,531
3537,Power Charge Duration,532
3634,Life Leech,533
3644,Strength,534
3656,Intelligence,535
3676,Flask Charges Gained,536
3863,Dagger Critical Strike Multiplier and Poison Duration,537
3992,Accuracy,538
4011,Dexterity,539
4036,Critical Strike Multiplier,540
4105,Life on Kill and Recoup,541
4184,Elemental Damage,542
4219,Evasion and Energy Shield,543
4247,Minion Life,544
4269,Damage against Marked Enemy,545
4270,Brand Duration,546
4300,Totem Damage and Placement Speed,547
4336,Sword Damage,548
4367,Intelligence,549
4378,Life Leech,550
4397,Intelligence,551
4432,Energy Shield,552
4502,Intelligence,553
4546,Mine Detonation Speed,554
4565,Dual Wield Attack Speed,555
4568,Physical and Minion Damage,556
4573,Evasion and Movement Skill Cooldown Recovery,557
4656,Spell Suppression and Life Flask Recovery,558
4713,Burning Damage Multiplier,559
4750,Totem Damage and Placement Speed,560
4944,"Armour, Evasion and Onslaught Effect",561
4973,Damage Over Time Multiplier,562
4977,Staff Critical Strike Chance and Multiplier,563
5018,Chance to Poison with Spells,564
5022,Weapon Lightning Damage,565
5065,Maximum Lightning Resistance,566
5068,Mace Critical Strike Chance and Multiplier,567
5103,Stun Threshold,568
5129,Damage Over Time Multiplier,569
5152,Life,570
5197,Life,571
5203,Retaliation Skill Stun Duration,572
5233,Strength,573
5237,Dexterity,574
5296,Intelligence,575
5408,Dexterity,576
5462,Staff Area of Effect,577
5560,Area of Effect,578
5591,Energy Shield Recharge Rate,579
5612,Physical Attack Damage,580
5613,Physical Damage and Attack and Cast Speed,581
5616,Dexterity,582
5622,Dual Wield Critical Strike Multiplier and Accuracy,583
5629,Claw Damage,584
5632,Bleed and Critical Strike Chance,585
5743,Life and Energy Shield,586
5802,Dagger Damage and Movement Speed,587
5875,Cast Speed and Spell Critical Strike Chance,588
5916,Burning Damage Multiplier,589
5935,Aura Area of Effect,590
5972,Cold Damage,591
6042,Life Gain on Hit,592
6043,Maximum Fire Resistance,593
6108,Sword Critical Strike Chance and Multiplier,594
6109,Curse Effect,595
6113,Axe Damage,596
6139,Fortification Gain,597
6204,Mana,598
6245,Chance to Ignite,599
6250,Curse Cast Speed,600
6264,Tincture Effect,601
6359,Armour and Life,602
6363,Dexterity,603
6383,Spell Suppression and Life Flask Recovery,604
6446,Strength,605
6534,Evasion and Spell Suppression,606
6538,Intelligence,607
6542,Evasion,608
6580,Dexterity,609
6616,Dual Wield Cast Speed and Movement Skill Cooldown Recovery,610
6633,Mace Damage and Area of Effect,611
6654,Bow Damage and Critical Strike Chance,612
6685,Minion Attack and Cast Speed,613
6712,Life,614
6718,Elemental Resistances,615
6741,Strength,616
6764,Intelligence,617
6785,Fire Damage,618
6797,Projectile Damage,619
6884,Two Handed Melee Damage and Life Leech Speed,620
6913,Bow Damage and Critical Strike Chance,621
6949,Energy Shield and Recovery,622
6981,Strength,623
7082,Sword Damage,624
7092,Physical and Lightning Damage,625
7112,Dexterity,626
7153,Lightning Damage,627
7162,Armour and Elemental Resistances,628
7187,Burning Damage Multiplier with Attacks,629
7285,Attack Cost Efficiency,630
7335,Armour and Life Regeneration,631
7347,Staff Spell Block,632
7364,Staff Area of Effect,633
7374,Life and Cost Efficiency,634
7388,Intelligence,635
7399,Lightning Resistance,636
7444,Intelligence,637
7503,Energy Shield Recharge Rate,638
7594,Reservation Efficiency,639
7609,Forking Angle,640
7614,Skill Duration,641
7641,Energy Shield and Energy Shield Recharge Rate,642
7659,Mark Mana Cost Efficiency,643
7728,Banner Duration,644
7786,Totem Attack Speed,645
7828,Melee Attack Speed,646
7898,Minion Critical Strike Chance,647
7903,Block,648
7920,Trap and Mine Throwing Speed,649
7938,Intelligence,650
8012,Life and Mana on Hit,651
8027,Mine Critical Strike Chance and Multiplier,652
8139,Link Cast Speed,653
8198,"Chance to Ignite, Freeze and Shock",654
8302,Power Charge Duration,655
8348,Evasion and Spell Suppression,656
8410,Attack Speed in Sand Stance,657
8426,Two Handed Melee Damage and Reduced Enemy Stun Threshold,658
8500,Mace Damage and Stun Duration,659
8533,Two Handed Melee Damage,660
8544,Dexterity,661
8566,Physical Bow Damage and Stun Threshold,662
8620,Flask Charges against Marked Enemy,663
8624,Ignite Chance and Duration,664
8640,Dexterity,665
8643,Cast Speed,666
8879,Weapon Fire Damage,667
8904,Warcry Duration,668
8930,Life and Flasks,669
8938,Dexterity,670
8948,Intelligence,671
9009,Movement Speed,672
9052,Block,673
9149,Chill and Freeze Resistance,674
9171,Life Leech Speed,675
9206,Life,676
9262,Sword Damage and Melee Range,677
9294,Physical and Minion Damage,678
9355,Strength,679
9361,Maximum Rage,680
9370,Minion Attack and Cast Speed,681
9373,Mana and Flask Effect,682
9386,Life and Energy Shield,683
9392,Aura Effect,684
9402,Block,685
9469,Critical Strike Chance,686
9505,Minion Damage,687
9511,Strength,688
9650,Minion Damage and Life,689
9695,Armour and Elemental Resistances,690
9769,Spell Suppression and Energy Shield Recharge Rate,691
9786,Evasion and Movement Speed,692
9877,Life,693
9933,Mark Effect,694
9976,Axe Damage,695
9995,Aura Area of Effect,696
10017,Attack Speed,697
10031,Life,698
10073,Armour and Guard Skill Cooldown Recovery,699
10221,Strength,700
10282,One Handed Melee Damage,701
10311,Banner Aura Effect,702
10490,Intelligence,703
10555,Link Duration,704
10575,Intelligence,705
10594,Warcry Buff Effect,706
10763,Critical Strike Chance,707
10829,Dexterity,708
10840,Attack Cost Efficiency,709
10843,Projectile Damage,710
10851,Shield Damage,711
10893,Fire Damage,712
10904,Minion Life,713
10989,Retaliation Skill Damage and Stun Threshold,714
10992,Hex Area of Effect,715
11016,Physical and Elemental Damage,716
11018,Evasion and Energy Shield,717
11088,Life and Cost Efficiency,718
11128,Avoid Interruption while Casting and Elemental Resistances,719
11162,Cold Damage Over Time Multiplier,720
11190,Totem Life and Elemental Resistances,721
11200,Corpse Life,722
11334,Intelligence,723
11364,Faster Ailments,724
11431,Totem Life and Damage,725
11456,Stance Skill Cooldown Recovery,726
11489,Dagger Critical Strike Chance and Multiplier,727
11497,Dexterity,728
11515,Two Handed Melee Damage and Area of Effect,729
11551,Intelligence,730
11568,Bleed Damage Multiplier,731
11651,Intelligence,732
11659,Avoid Interruption while Casting and Elemental Resistances,733
11678,Projectile Damage,734
11688,Spell Damage,735
11689,Shield Spell Damage and Spell Block,736
11700,Melee Area of Effect,737
11716,Mine Critical Strike Multiplier,738
11792,Warcry Duration,739
11800,Tincture Mana on Kill,740
11811,Poison Chance and Duration,741
11850,Blind Duration,742
11859,Strength,743
11984,Chance to Poison with Spells,744
12032,Cast Speed and Spell Mana Cost Efficiency,745
12068,Bow Damage and Attack Speed,746
12095,Dual Wield Attack Speed and Block,747
12189,Cast Speed and Spell Critical Strike Chance,748
12215,Aggravate Bleeding On Critical Strike Chance,749
12236,Attack Damage with Shield,750
12246,Energy Shield,751
12247,Attack Cost Efficiency,752
12250,Energy Shield and Mana,753
12379,Lightning Damage and Cast Speed,754
12407,Axe Damage and Attack Speed,755
12412,Dexterity,756
12415,Attack Ignite Chance and Attack Speed,757
12439,Cold Damage and Freeze Chance,758
12536,Elemental Damage,759
12664,Faster Bleeding,760
12720,Sword Damage and Block,761
12783,Critical Strike Multiplier per Power Charge,762
12794,Projectile Attack Critical Strike Chance and Multiplier,763
12801,Evasion and Life,764
12824,Trap Damage,765
12831,Freeze Chance,766
12852,Elemental Damage,767
12888,Mana Regeneration per Power Charge,768
12913,Mana,769
12948,Bow Critical Strike Chance and Multiplier,770
13009,Dexterity,771
13168,Poison Damage and Cast Speed,772
13191,Skill Duration,773
13202,Cold Damage and Cold Ailment Effect,774
13231,Bow Attack Speed and Phasing,775
13232,Increased Energy Shield Leeched,776
13273,Bleed Chance,777
13322,Energy Shield,778
13498,Impale Chance,779
13559,Burning Damage Multiplier,780
13573,Dual Wield Attack and Cast Speed and Block,781
13714,Life,782
13753,Energy Shield,783
13782,Physical Damage,784
13807,Dual Wield Damage and Attack Speed,785
13885,Dexterity,786
13961,Lightning Ailment Effect,787
13965,Slower Mana Burn,788
14021,Intelligence,789
14040,Fire Damage,790
14056,Strength,791
14057,Life and Energy Shield,792
14090,Reduced Skill Duration,793
14151,Intelligence,794
14157,Dagger Critical Strike Chance,795
14182,Energy Shield,796
14209,Cold Ailment Duration,797
14211,Energy Shield,798
14292,Dexterity,799
14384,Maximum Fortification,800
14400,Flask Effect Duration,801
14419,Weapon Fire Damage,802
14745,Spell Area of Effect,803
14767,Fortification Duration,804
14804,Projectile Attack Critical Strike Chance,805
14930,Strength,806
14936,Life,807
15021,Shield Block and Elemental Resistances,808
15064,Strength,809
15073,Life,810
15081,Minion Damage and Duration,811
15086,Mace Damage and Critical Strike Chance,812
15117,Intelligence,813
15124,Impale Effect,814
15144,Attack Speed and Dexterity,815
15163,Mace Damage and Area of Effect,816
15167,Golem Life and Buff Effect,817
15228,Critical Strike Multiplier,818
15365,Area of Effect,819
15405,Strength,820
15438,Two Handed Melee Damage and Stun Duration,821
15451,Warcry Speed,822
15452,Spell Damage Over Time Multiplier,823
15491,Retaliation Skill Damage,824
15522,Maximum Lightning Resistance,825
15543,Maximum Rage and Armour,826
15549,Intelligence,827
15599,"Attack and Cast Speed, Accuracy",828
15631,Strength,829
15678,Melee Critical Strike Multiplier,830
15716,Staff Critical Strike Chance and Multiplier,831
15727,Attack Ignite Chance,832
15783,Consecrated Ground Effect,833
15837,Avoid Status Ailments,834
15868,Life and Armour,835
15880,Attack Area of Effect and Accuracy,836
15973,Brand Damage and Duration,837
16079,Evasion Per Frenzy Charge,838
16113,Staff Block,839
16167,Dexterity,840
16213,Attack Speed per Frenzy Charge,841
16245,Retaliation Skill Usable Duration,842
16380,Accuracy and Critical Strike Chance,843
16544,Dexterity,844
16602,Life Flasks and Flask Duration,845
16743,Dual Wield Spell Damage and Movement Speed,846
16754,Staff Critical Strike Chance,847
16756,Axe Damage and Impale Chance,848
16775,Strength,849
16790,Spell Critical Strike Chance,850
16851,Bow Damage and Accuracy,851
16860,Physical Attack Damage,852
16882,Flask Effect Duration,853
16954,Critical Strike Chance per Power Charge,854
16970,Damage if Consumed a Corpse,855
17020,Attack Damage in Blood Stance,856
17038,Stun Duration,857
17201,Dexterity,858
17236,Energy Shield and Energy Shield Recharge Rate,859
17251,Armour and Energy Shield,860
17352,Mana and Life,861
17383,Mana and Aura Area of Effect,862
17412,Minion Life,863
17421,Mana and Flask Charges Gained,864
17429,Impale Chance and Attack Speed,865
17527,Block,866
17546,Mana and Flasks,867
17566,Armour and Evasion,868
17569,Totem Critical Strike Chance,869
17579,Spell Damage,870
17674,Physical Damage,871
17735,Intelligence,872
17749,Life Recoup,873
17788,Flask Charges Gained,874
17790,Flask Charges Gained,875
17814,Evasion and Spell Suppression,876
17821,Mana Regeneration and Life,877
17833,Bleed Damage Multiplier,878
17849,Mine Damage,879
17908,Claw Damage and Attack Speed,880
17934,Attack Damage and Speed,881
18009,Melee Damage and Strike Range,882
18033,Intelligence,883
18103,Dexterity,884
18182,Intelligence,885
18202,Rage on Hit,886
18208,Consecrated Ground Effect and Accuracy,887
18239,Spell Damage and Stun Recovery,888
18302,Life,889
18359,Minion Block,890
18379,Mace Critical Strike Chance and Multiplier,891
18402,Life and Flasks,892
18661,Mine Damage and Reservation Efficiency,893
18670,Weapon Elemental Damage,894
18715,Fire Damage,895
18747,Life Recoup,896
18767,Energy Shield and Mana,897
18770,Spell Suppression,898
18866,Cast Speed,899
18901,Melee Damage,900
18990,Staff Block,901
19008,Shield Spell Damage and Spell Block,902
19098,Wand Lightning Damage,903
19196,Reservation Efficiency,904
19210,Physical Damage and Ignore Physical Damage Reduction,905
19228,Claw Ailment Damage and Poison Chance,906
19261,Warcry Cooldown Recovery,907
19287,Life and Life on Kill,908
19374,Energy Shield,909
19388,Axe Damage and Accuracy,910
19401,Life Gain on Hit,911
19501,Intelligence,912
19609,Physical Damage Over Time Multiplier,913
19635,Intelligence,914
19679,Brand Range and Brand Recall Cooldown Recovery,915
19711,Dexterity,916
19782,Defences with Shield,917
19884,Strength,918
19919,Spell Block,919
19939,Life,920
19958,Link Cast Speed,921
20010,Dexterity,922
20018,Axe Damage,923
20127,Poison Damage Multiplier,924
20142,Totem Critical Strike Multiplier,925
20167,Dagger Ailment Damage and Poison Chance,926
20228,Mana Regeneration and Life,927
20310,Block,928
20402,Attack Cost Efficiency,929
20467,Mace Critical Strike Chance and Multiplier,930
20546,Intelligence,931
20551,Life,932
20807,Dexterity,933
20812,Evasion and Spell Suppression,934
20844,Wand Attack Speed and Accuracy,935
20852,Fire and Cold Damage,936
20913,Rage on Hit,937
20953,Attack Speed,938
20966,Mace Damage,939
20987,Elemental Damage,940
21019,Tincture Effect,941
21033,Mana,942
21048,Link Duration,943
21075,Area of Effect Damage,944
21170,Chill Effect,945
21184,Avoid Interruption while Casting,946
21262,Elemental Damage,947
21301,Strength,948
21548,Banner Duration,949
21575,Elemental Damage,950
21678,Intelligence,951
21693,Physical Damage and Attack and Cast Speed,952
21758,Frenzy Charge Duration,953
21835,Life,954
21929,Armour and Energy Shield,955
21934,Spell Damage,956
21974,Reservation Efficiency,957
22061,Mana,958
22062,Minion Damage and Duration,959
22090,Cold Damage,960
22180,Accuracy,961
22217,Spell Suppression and Life Flask Recovery,962
22261,Dagger Damage and Attack Speed,963
22266,Dexterity,964
22285,Strength,965
22315,Mana Regeneration,966
22407,Wand Physical Damage and Attack Speed,967
22423,Dual Wield Damage,968
22472,Mana and Arcane Surge Effect,969
22473,Energy Shield,970
22488,Trap Throwing Speed,971
22497,Cast Speed,972
22577,Block Recovery and Energy Shield,973
22618,Mana,974
22627,Life and Armour,975
22647,Ignite Chance,976
22703,Strength,977
22728,Staff Elemental Damage and Penetration,978
22845,Tincture Effect,979
22893,Skill Duration,980
22908,Banner Maximum Valour,981
23027,Strength,982
23036,Warcry Cooldown Recovery and Area of Effect,983
23122,Projectile Damage,984
23185,Chaos Resistance and Minion Damage,985
23199,Bleed Damage and Chance,986
23215,Curse and Chaos Resistance,987
23237,Aura Area of Effect,988
23334,Projectile Damage,989
23438,Life Flasks and Flask Duration,990
23439,Critical Strike Chance,991
23449,Poison Damage and Chance,992
23456,Mana and Life Regeneration,993
23471,Dexterity,994
23507,Attack and Cast Speed,995
23616,Physical and Chaos Damage,996
23659,Energy Shield,997
23760,Physical Damage and Overwhelm,998
23834,Warcry Buff Effect,999
23852,Axe Damage,1000
23881,Strength,1001
23886,Attack Speed and Poison Duration,1002
23912,Bow Attack Speed,1003
23951,Movement Speed per Frenzy Charge,1004
24083,Strength,1005
24155,Mace Critical Strike Chance,1006
24157,Totem Damage and Placement Speed,1007
24229,Staff Critical Strike Chance,1008
24377,Attack Speed,1009
24472,Skill Duration,1010
24496,Dexterity,1011
24544,Bleed Chance,1012
24641,Dual Wield Damage,1013
24643,Attack Speed,1014
24677,Mace Elemental Damage and Accuracy,1015
24772,Mace Damage and Area of Effect,1016
24824,Minion Attack and Cast Speed,1017
24865,Strength,1018
24872,Golem Life and Buff Effect,1019
24914,Strength,1020
24974,Flask Duration,1021
25067,Evasion and Life,1022
25168,Physical Damage as Extra Fire Damage,1023
25209,Dual Wield Critical Strike Multiplier and Accuracy,1024
25222,Minion Attack and Cast Speed,1025
25237,Mana Regeneration and Mana Cost Efficiency,1026
25260,Life,1027
25324,Attack Damage with Shield,1028
25332,Minion Damage and Attack and Cast Speed,1029
25355,Stance Reservation Efficiency,1030
25431,Curse Mana Cost Efficiency,1031
25511,Weapon Elemental Damage,1032
25531,Strength,1033
25682,Axe Damage,1034
25714,Mana and Increased Mana Cost,1035
25732,Totem Attack and Cast Speed,1036
25757,Spell Critical Strike Chance,1037
25766,Poison Damage Multiplier,1038
25770,Trap Cooldown Recovery,1039
25775,Claw Damage and Attack Speed,1040
25781,Maximum Fortification,1041
25789,Energy Shield Leech,1042
25796,Bleed Chance,1043
25831,Reservation Efficiency,1044
25933,Life,1045
25959,Hex Area of Effect,1046
26002,Mark Cast Speed,1047
26070,Cost Efficiency,1048
26188,Axe Damage and Critical Strike Chance,1049
26270,Intelligence,1050
26365,Attack Ignite Chance,1051
26456,Mace Damage and Attack Speed,1052
26471,Shock Avoidance,1053
26481,Minion Damage and Life,1054
26523,Strength,1055
26528,Life and Elemental Ailment Avoidance,1056
26585,Staff Spell Block,1057
26712,Armour,1058
26740,Life Regeneration,1059
26820,Life Gain on Hit,1060
27134,Mace Damage,1061
27140,Two Handed Melee Damage and Leech,1062
27166,Fire Resistance,1063
27195,Cold Resistance,1064
27276,Physical and Chaos Damage,1065
27283,Dexterity,1066
27323,Shield Spell Block,1067
27325,Flask Charges against Marked Enemy,1068
27415,Intelligence,1069
27444,Totem Critical Strike Chance and Multiplier,1070
27564,Intelligence,1071
27575,Power Charge Duration,1072
27592,Intelligence,1073
27605,Fortification Gain,1074
27656,Intelligence,1075
27659,Dexterity,1076
27697,Stun Threshold Reduction,1077
27709,Ignite Chance,1078
27718,Attack Speed,1079
27879,Wand Critical Strike Chance and Multiplier,1080
27962,Trap Throwing Speed and Trigger Area,1081
28012,Dexterity,1082
28076,Mana and Mana Regeneration,1083
28221,Attack Speed,1084
28265,Mana and Mana Regeneration,1085
28311,Life Leech Speed and Attack Speed,1086
28330,Strength,1087
28424,Mana and Mana on Kill,1088
28498,Bleed Chance,1089
28574,Dexterity,1090
28658,Projectile Attack Critical Strike Chance,1091
28728,Two Handed Melee Damage and Ignore Physical Damage Reduction,1092
28753,Trap Damage,1093
28758,Dagger Critical Strike Multiplier,1094
28859,Reservation Efficiency,1095
28887,Faster Ignite,1096
29005,Armour and Energy Shield,1097
29033,Brand Critical Strike Chance,1098
29034,Two Handed Melee Damage and Stun Duration,1099
29061,Elemental Damage,1100
29089,Bow Damage and Evasion,1101
29104,Mana and Flask Charges Gained,1102
29106,Minion Damage and Attack and Cast Speed,1103
29171,Minion Life,1104
29185,Two Handed Melee Critical Strike Chance and Accuracy,1105
29199,Intelligence,1106
29292,Attack Speed,1107
29353,Strength,1108
29359,Attack Damage and Leech,1109
29379,Accuracy and Elemental Resistances,1110
29454,Spell Suppression,1111
29472,Stun Recovery,1112
29543,Axe Damage and Attack Speed,1113
29547,Life Leech,1114
29549,Mine Damage,1115
29552,Wand Damage,1116
29629,Chaos Damage,1117
29781,Mana,1118
29797,Melee Damage,1119
29856,Sword Critical Strike Chance and Multiplier,1120
29870,Attack Speed,1121
29933,Life,1122
29937,Dexterity,1123
30030,Axe Damage and Attack Speed,1124
30038,Banner Duration,1125
30110,Chaos Damage Over Time Multiplier,1126
30148,Accuracy,1127
30155,Projectile Damage,1128
30170,Slower Rage Decay and Armour,1129
30205,Physical Damage,1130
30251,Axe Damage,1131
30319,Trap Critical Strike Chance and Multiplier,1132
30335,Melee Damage,1133
30338,Damage Over Time,1134
30370,Spell Damage Over Time,1135
30380,Life and Elemental Resistances,1136
30427,Chill Effect,1137
30455,Projectile Attack Critical Strike Chance and Multiplier,1138
30547,Mace Damage and Area of Effect,1139
30626,Dual Wield Critical Strike Chance,1140
30658,Minion Life and Elemental Resistances,1141
30679,Dexterity,1142
30691,Intelligence,1143
30714,Slower Rage Decay,1144
30733,Strength,1145
30745,Claw Critical Strike Chance and Multiplier,1146
30767,Curse Effect,1147
30825,Totem Life and Elemental Resistances,1148
30826,Slower Mana Burn,1149
30842,Two Handed Melee Accuracy,1150
30894,Weapon Elemental Damage,1151
30926,Wand Elemental Damage and Penetration,1152
30969,Weapon Elemental Damage and Ailment Effect,1153
31080,Dexterity,1154
31103,Minion Life and Physical Damage Reduction,1155
31137,Charge on Kill,1156
31153,Physical and Fire Damage,1157
31222,Pierce,1158
31315,Evasion and Life,1159
31371,Mine Area of Effect,1160
31438,Tincture Mana on Kill,1161
31462,Burning Damage Multiplier,1162
31471,Life,1163
31501,Trap Throwing Speed and Trigger Area,1164
31520,Totem Attack and Cast Speed,1165
31583,Elemental Damage,1166
31604,Faster Bleeding,1167
31619,Dual Wield Spell Damage and Spell Block,1168
31628,Melee Damage and Life,1169
31758,Mana and Life Regeneration,1170
31819,Mana and Mana Cost Efficiency,1171
31875,Strength,1172
31928,Armour,1173
31931,Strength,1174
31973,Curse Effect,1175
32024,Minion Life,1176
32053,Melee Damage and Strike Range,1177
32075,Curse Cast Speed,1178
32091,Evasion and Spell Suppression,1179
32117,Life and Stun Avoidance,1180
32210,Intelligence,1181
32314,Curse Mana Reservation Efficiency,1182
32376,Retaliation Skill Damage,1183
32431,Lightning Damage,1184
32432,Trap Critical Strike Chance and Multiplier,1185
32477,Weapon Elemental Damage and Ailment Effect,1186
32480,Melee Damage,1187
32482,Life Regeneration,1188
32514,Bow Critical Strike Chance and Multiplier,1189
32519,Axe Damage and Critical Strike Chance,1190
32555,Dexterity,1191
32690,Area of Effect per Endurance Charge,1192
32710,Intelligence,1193
32739,Accuracy,1194
32802,Poison Damage Multiplier,1195
32942,Wand Physical Damage and Attack Speed,1196
33089,Dual Wield Damage and Attack Speed,1197
33098,Ignite and Bleed Duration,1198
33196,Cold Damage,1199
33296,Spell Damage,1200
33310,Intelligence,1201
33374,Chance for Extra Fork Projectile,1202
33479,Intelligence,1203
33508,Fire Resistance,1204
33558,Evasion and Movement Speed,1205
33566,Banner Valour Gained,1206
33623,Warcry Buff Effect,1207
33740,Strength,1208
33755,Life,1209
33779,Totem Critical Strike Chance,1210
33783,Intelligence,1211
33864,Energy Shield,1212
33911,Mine Duration,1213
33923,Elemental Damage,1214
33943,Life Regeneration,1215
33988,Melee Damage,1216
34031,Strength,1217
34130,Melee Attack Speed,1218
34144,Minion Damage,1219
34157,Cast Speed,1220
34171,Strength,1221
34191,Impale Effect,1222
34207,Physical Damage,1223
34225,Curse Effect,1224
34306,Minion Spell Block,1225
34327,Staff Accuracy,1226
34359,Life Regeneration,1227
34400,Strength,1228
34423,Damage Over Time Multiplier,1229
34478,Energy Shield Recharge Rate,1230
34510,Bow Damage Over Time,1231
34513,Aura Effect,1232
34560,Dual Wield Spell Damage and Movement Speed,1233
34579,Critical Strike Chance,1234
34590,Rage on Hit,1235
34625,Bow Accuracy,1236
34660,Mark Effect,1237
34678,Life and Elemental Ailment Avoidance,1238
34750,Weapon Fire Damage,1239
34763,Chaos Damage Over Time Multiplier,1240
34880,Minion Life,1241
34906,Mana,1242
34907,Mana,1243
34917,Maximum Cold Resistance,1244
34959,Two Handed Melee Damage and Life Leech Speed,1245
35035,Brand Recall Cooldown Recovery,1246
35053,Sword Critical Strike Chance,1247
35086,Attack Cost Efficiency,1248
35179,Movement Speed,1249
35190,Curse Mana Reservation Efficiency,1250
35192,Melee Damage,1251
35237,Banner Maximum Valour,1252
35260,Minion Damage,1253
35283,Critical Strike Chance,1254
35288,Armour,1255
35334,Mine Critical Strike Chance and Multiplier,1256
35362,Two Handed Melee Damage and Area of Effect,1257
35384,Claw Damage and Attack Speed,1258
35406,Banner Maximum Valour and Duration,1259
35503,Lightning Resistance,1260
35507,Life Leech Speed,1261
35556,Strength,1262
35568,"Armour, Evasion and Life",1263
35706,Energy Shield,1264
35724,Damage and Mana,1265
35730,Curse Duration,1266
35737,Charge on Kill,1267
35756,Warcry Buff Effect,1268
35791,Minion Critical Strike Multiplier,1269
35851,Accuracy and Critical Strike Chance,1270
35910,Totem Life and Elemental Resistances,1271
35992,Mace Damage and Reduced Enemy Stun Threshold,1272
36047,Life and Armour,1273
36107,Reservation Efficiency of Heralds,1274
36121,Lightning Damage,1275
36200,Warcry Speed and Exerted Attack Damage,1276
36221,Life,1277
36222,Projectile Damage,1278
36225,Claw Critical Strike Chance and Multiplier,1279
36226,Cold Damage and Freeze Chance,1280
36287,Dexterity,1281
36371,Corpse Life,1282
36412,Cold Damage,1283
36452,Spell Critical Strike Multiplier,1284
36542,Intelligence,1285
36543,Strength,1286
36585,Cold Damage,1287
36678,Intelligence,1288
36704,Life and Mana Leech,1289
36761,Attack Damage and Attack Speed with Shield,1290
36764,Bleed and Critical Strike Chance,1291
36774,Spell Damage,1292
36801,Claw Ailment Damage and Poison Duration,1293
36849,Attack Speed and Poison Duration,1294
36858,Intelligence,1295
36877,Trap Damage,1296
36881,Cold Resistance,1297
36945,Attack Ignite Chance,1298
36972,Two Handed Attack Speed,1299
37163,Fire Damage and Cast Speed,1300
37175,Damage if Consumed a Corpse,1301
37501,Melee Critical Strike Chance,1302
37569,Intelligence,1303
37575,Accuracy,1304
37584,Endurance Charge Duration,1305
37619,Evasion and Elemental Resistances,1306
37639,Staff Damage and Stun Duration,1307
37663,Chaos Damage Over Time Multiplier,1308
37671,Intelligence,1309
37690,Mana,1310
37785,Poison Damage Multiplier,1311
37800,Life Leech,1312
37884,Elemental Resistances,1313
37887,Attack Damage and Leech,1314
37895,Stun Threshold,1315
37999,Intelligence,1316
38023,Mace Damage and Reduced Enemy Stun Threshold,1317
38048,Life Regeneration,1318
38119,Block and Armour,1319
38129,Damage and Energy Shield,1320
38148,Cold Damage,1321
38149,Bow Damage,1322
38176,Intelligence,1323
38190,Life and Energy Shield,1324
38344,Attack Speed,1325
38348,Dexterity,1326
38450,Area of Effect,1327
38462,Retaliation Skill Speed,1328
38508,Endurance Charge Duration,1329
38520,Claw Critical Strike Multiplier,1330
38538,Physical Damage and Overwhelm,1331
38539,Physical Damage and Attack and Cast Speed,1332
38662,Dexterity,1333
38664,Melee Critical Strike Chance,1334
38701,Energy Shield and Mana,1335
38772,Melee Damage and Strike Range,1336
38777,Melee Damage,1337
38789,Ignite Chance and Duration,1338
38805,Area of Effect,1339
38836,Armour and Energy Shield,1340
38864,Dagger Damage and Attack Speed,1341
38900,Area of Effect,1342
38906,Armour and Energy Shield,1343
38947,Chain Distance,1344
38989,Minion Damage,1345
38995,Life and Mana on Hit,1346
39023,Melee Critical Strike Chance,1347
39211,Physical Attack Damage,1348
39437,Slower Rage Decay,1349
39443,Dagger Critical Strike Chance and Leech,1350
39521,Wand Damage,1351
39524,Critical Ailment Damage Over Time Multiplier,1352
39631,Armour and Energy Shield,1353
39648,Mana Regeneration and Life,1354
39665,Bow Attack Speed,1355
39678,Armour,1356
39718,Dexterity,1357
39725,Attack Speed and Accuracy,1358
39768,Accuracy,1359
39773,Projectile Damage,1360
39786,One Handed Melee Damage,1361
39814,Trap Cooldown Recovery,1362
39821,Evasion and Life,1363
39841,Intelligence,1364
39861,Dexterity,1365
39916,Strength,1366
39938,Bow Damage,1367
40075,Staff Spell Damage,1368
40100,Critical Strike Chance,1369
40126,Curse Effect,1370
40132,Evasion,1371
40135,Sword Damage,1372
40189,Maximum Rage,1373
40229,Warcry Cooldown Recovery and Area of Effect,1374
40287,Critical Strikes against Blinded Enemies,1375
40291,Fire Damage and Area of Effect,1376
40362,Life,1377
40366,Intelligence,1378
40409,Mine Detonation Speed,1379
40483,Chill Effect,1380
40508,Armour and Energy Shield,1381
40535,Melee Damage,1382
40609,Cold Damage,1383
40637,Minion Damage and Life,1384
40644,Elemental Damage,1385
40653,Strength,1386
40705,Cold Damage Over Time Multiplier,1387
40751,Mine Area of Effect,1388
40766,Endurance Charge Duration,1389
40776,Brand Damage,1390
40818,Bleed Chance,1391
40840,Wand Damage,1392
40841,Impale Chance and Physical Attack Damage,1393
40867,Strength,1394
40927,Area of Effect,1395
41026,Mana and Guard Skill Cooldown Recovery,1396
41047,Bow Area of Effect,1397
41068,Bleed Duration,1398
41190,Minion Damage and Life,1399
41250,Projectile Damage,1400
41251,Ailment Effect,1401
41380,Bow Attack Speed and Accuracy,1402
41536,Projectile Damage,1403
41599,Staff Damage and Block,1404
41635,Intelligence,1405
41689,Physical and Chaos Damage,1406
41819,Life Leech Speed,1407
41866,Dexterity,1408
41967,Mana,1409
42006,Mine Damage and Reservation Efficiency,1410
42086,Attack Cost Efficiency,1411
42104,Accuracy and Attack Speed,1412
42106,Retaliation Skill Damage and Stun Threshold,1413
42133,Life Flask Charge Gain,1414
42161,Attack Ignite Chance and Attack Speed,1415
42485,Staff Spell Damage and Block,1416
42495,Retaliation Skill Cooldown Recovery,1417
42623,One Handed Damage,1418
42632,Totem Critical Strike Chance and Multiplier,1419
42637,Axe Damage and Attack Speed,1420
42668,Minion Attack and Cast Speed,1421
42731,Energy Shield,1422
42744,Mine Critical Strike Chance and Multiplier,1423
42760,Intelligence,1424
42800,Strength,1425
42837,Mana and Life Regeneration,1426
42907,Chaos Damage Over Time Multiplier,1427
42911,Strength,1428
42964,Bow Damage,1429
42981,Mana Flasks,1430
43000,Mana and Spell Damage,1431
43010,Curse Mana Reservation Efficiency,1432
43057,Ignite Resistance,1433
43061,Shield Spell Block,1434
43133,Chaos Resistance and Minion Damage,1435
43162,Projectile Damage,1436
43303,Two Handed Melee Damage,1437
43316,Physical Damage and Ignore Physical Damage Reduction,1438
43328,Energy Shield Leech,1439
43374,Strength,1440
43412,Two Handed Melee Damage,1441
43413,Shield Block and Block Recovery,1442
43457,Evasion and Blind Effect,1443
43491,Flask Charges Used,1444
43514,Sword Accuracy and Critical Strike Chance,1445
43608,Dexterity,1446
43684,Faster Ailments,1447
43716,Minion Damage,1448
43787,Accuracy and Elemental Resistances,1449
43822,Mace Damage and Stun Duration,1450
43833,Warcry Cooldown Recovery,1451
44134,Dagger Critical Strike Chance and Multiplier,1452
44183,Lightning Damage and Cast Speed,1453
44184,Intelligence,1454
44202,Strength,1455
44268,Retaliation Skill Area Of Effect,1456
44306,Projectile Damage and Speed,1457
44339,Weapon Lightning Damage,1458
44360,Minion Attack and Cast Speed,1459
44362,Chaos Damage and Withered Expiry Rate,1460
44429,Life and Elemental Resistances,1461
44465,Stun Recovery,1462
44529,"Attack and Cast Speed, Accuracy",1463
44606,Intelligence,1464
44624,Bleed Chance,1465
44683,SIX,1466
44723,Spell Critical Strike Chance,1467
44799,Elemental Damage,1468
44908,Strength,1469
44916,Life Regeneration,1470
44922,Shield Damage and Defences,1471
44924,Intelligence,1472
44967,Strength,1473
44983,Fire Damage,1474
45033,Evasion and Phasing,1475
45035,Projectile Damage and Accuracy,1476
45163,Retaliation Skill Damage,1477
45202,Attack Speed,1478
45227,Attack Speed,1479
45246,Slower Mana Burn,1480
45272,Physical and Chaos Damage and Life,1481
45341,Maximum Cold Resistance,1482
45360,Poison Chance and Damage,1483
45366,Totem Critical Strike Multiplier,1484
45436,"Weapon Elemental Damage, Status Ailment Chance",1485
45456,Spell Damage,1486
45486,Staff Critical Strike Chance and Multiplier,1487
45491,Attack Damage,1488
45503,Banner Aura Effect,1489
45565,Bleed Duration,1490
45593,Evasion and Life,1491
45646,Melee Damage,1492
45680,Mana,1493
45788,Claw Attack Speed,1494
45810,Poison Damage and Cast Speed,1495
45827,Trap Damage,1496
45838,Dexterity,1497
45887,Block,1498
46092,Intelligence,1499
46106,Bow Accuracy,1500
46111,Curse Effect,1501
46127,Mace Damage and Stun Duration,1502
46136,Evasion and Energy Shield,1503
46277,Dexterity,1504
46289,Damage Over Time,1505
46291,Totem Attack Speed,1506
46340,Intelligence,1507
46344,Bow Damage and Evasion,1508
46469,Lightning Damage and Shock Chance,1509
46578,Strength,1510
46585,Banner Area of Effect,1511
46636,Armour and Energy Shield,1512
46672,Staff Elemental Damage and Penetration,1513
46694,Evasion and Blind Effect,1514
46726,Mana and Mana Cost Efficiency,1515
46730,Attack Damage with Shield,1516
46756,Stun Duration,1517
46896,Damage Over Time Multiplier and Life Regeneration,1518
46897,Armour and Energy Shield,1519
46910,Strength,1520
47030,Projectile Damage,1521
47062,Spell Damage and Intelligence,1522
47085,Spell Damage Over Time Multiplier and Duration,1523
47175,MARAUDER,1524
47251,Intelligence,1525
47312,Elemental Damage and Resistances,1526
47321,Claw Critical Strike Chance and Accuracy,1527
47362,Life and Energy Shield on Kill,1528
47389,Physical Attack Damage and Life,1529
47421,Physical Damage Over Time Multiplier,1530
47422,Dagger Critical Strike Chance and Multiplier,1531
47426,Warcry Duration,1532
47427,Staff Damage and Stun Duration,1533
47504,Cast Speed and Spell Mana Cost Efficiency,1534
47507,Spell Critical Strike Multiplier,1535
47785,Banner Valour Gained,1536
47854,Impale Chance and Attack Speed,1537
47902,Retaliation Skill Damage,1538
47949,Chaos Damage,1539
48093,Dual Wield Cast Speed and Movement Skill Cooldown Recovery,1540
48099,Life and Stun Avoidance,1541
48109,Life Regeneration per Endurance Charge,1542
48118,Damage Over Time Multiplier,1543
48199,Rage on Hit,1544
48275,Avoid Interruption while Casting,1545
48282,Staff Critical Strike Chance,1546
48284,Block and Block Recovery,1547
48287,Life,1548
48362,Mana and Life,1549
48423,Mana,1550
48477,Attack and Cast Speed,1551
48513,Physical Attack Damage,1552
48514,Mana and Mana Regeneration,1553
48713,Minion Critical Strike Chance,1554
48778,Intelligence,1555
48813,Shield Damage and Block,1556
48822,Life Regeneration,1557
48828,Physical Damage and Strength,1558
48878,Wand Attack Speed and Accuracy,1559
48929,Maximum Fire Resistance,1560
48971,Chaos Damage,1561
49047,Minion Life and Chaos Resistance,1562
49109,Armour and Evasion,1563
49147,Armour and Guard Skill Cooldown Recovery,1564
49167,Warcry Duration,1565
49178,Strength,1566
49308,Mana,1567
49343,Block Chance and Attack Damage with Shield,1568
49407,Retaliation Skill Cooldown Recovery,1569
49408,Evasion and Energy Shield,1570
49412,Strength,1571
49415,Sword Damage and Attack Speed,1572
49481,Mana on Hit,1573
49515,Spell Suppression and Energy Shield Recharge Rate,1574
49534,Staff Spell Damage and Spell Block,1575
49547,Dual Wield Damage and Block,1576
49568,Claw Critical Strike Chance and Multiplier,1577
49571,Axe Damage and Attack Speed,1578
49588,Lightning Damage and Shock Chance,1579
49605,Intelligence,1580
49635,Banner Valour Gained,1581
49651,Intelligence,1582
49652,Ignite and Bleed Duration,1583
49698,Staff Block,1584
49779,Wand Damage,1585
49806,Dexterity,1586
49807,Accuracy,1587
49900,Dexterity,1588
49929,Spell Critical Strike Multiplier,1589
49971,Frenzy Charge Duration,1590
49978,Dexterity,1591
50038,Life Leech,1592
50041,Physical Bow Damage,1593
50082,Spell Damage Over Time Multiplier,1594
50150,"Weapon Elemental Damage, Status Ailment Chance",1595
50225,Mace Critical Strike Multiplier,1596
50264,Life Regeneration,1597
50306,"Armour, Evasion and Life",1598
50340,Elemental Resistances,1599
50360,Mana and Mana Regeneration,1600
50382,Dual Wield Cast Speed,1601
50422,Strength,1602
50459,RANGER,1603
50472,Wand Damage,1604
50515,Fortify on Melee Stun,1605
50562,Burning Damage Multiplier with Attacks,1606
50570,Strength,1607
50734,Slower Mana Burn,1608
50826,Mana and Spell Block,1609
50862,Strength,1610
50904,Life and Armour,1611
50969,Melee Area of Effect,1612
50986,DUELIST,1613
51146,Wand Attack Speed and Accuracy,1614
51191,Curse Duration,1615
51213,Reservation Efficiency of Heralds,1616
51219,Energy Shield Leech,1617
51220,Physical and Chaos Damage,1618
51235,Stun Avoidance,1619
51291,Area of Effect,1620
51382,Curse Duration,1621
51404,Weapon Cold Damage,1622
51420,Mana Leech,1623
51517,Minion Life and Chaos Resistance,1624
51524,Wand Attack Speed and Accuracy,1625
51786,Dexterity,1626
51801,Spell Area of Effect,1627
51804,Spell Damage Over Time,1628
51856,Physical Attack Damage,1629
51923,Intelligence,1630
51953,Forking Angle,1631
51954,Brand Critical Strike Chance,1632
51976,Dual Wield Attack Speed and Block,1633
52095,Chaos Resistance,1634
52099,Reduced Skill Duration,1635
52213,Sword Damage and Block,1636
52288,Projectile Damage and Speed,1637
52407,Lightning Critical Strike Multiplier,1638
52412,Minion Life and Damage,1639
52423,Blind Chance,1640
52502,Elemental Damage,1641
52522,Mine Critical Strike Chance,1642
52632,Accuracy,1643
52655,Brand Duration,1644
52848,Wand Critical Strike Chance and Multiplier,1645
52904,Dexterity,1646
53002,"Armour, Evasion and Onslaught Effect",1647
53005,Freeze Chance,1648
53018,Brand Damage and Duration,1649
53072,Burning Damage Multiplier with Attacks,1650
53213,Dexterity,1651
53279,Intelligence,1652
53290,Chill Effect,1653
53292,Impale Effect,1654
53324,Evasion and Phasing,1655
53332,Slower Rage Decay,1656
53456,Intelligence,1657
53558,Shield Defences,1658
53574,Mark Cast Speed and Mana Cost Efficiency,1659
53630,Attack Ignite Chance,1660
53667,Impale Effect,1661
53677,Minion Damage,1662
53732,Cold Damage Over Time Multiplier,1663
53793,Strength,1664
53809,Flask Duration,1665
53882,Flask and Tincture Effect,1666
53945,Staff Accuracy,1667
53957,Staff Critical Strike Chance and Multiplier,1668
53987,Warcry Duration and Buff Effect,1669
54043,Wand Elemental Damage and Penetration,1670
54144,Dual Wield Attack and Cast Speed and Block,1671
54267,Chaos Resistance and Minion Damage,1672
54338,Physical Damage,1673
54354,Sword Damage,1674
54396,Burning Damage Multiplier,1675
54447,WITCH,1676
54452,Increased Energy Shield Leeched,1677
54574,Trap Trigger Area,1678
54645,Lightning Critical Strike Multiplier,1679
54657,Cast Speed,1680
54667,Staff Block,1681
54862,Retaliation Skill Usable Duration,1682
54868,Bow Damage,1683
54872,Mana Leech Speed,1684
54880,Banner Area of Effect,1685
54954,Curse and Chaos Resistance,1686
54974,Trap Trigger Area,1687
55021,Stance Skill Cooldown Recovery,1688
55085,Armour and Evasion,1689
55166,Sword Damage and Attack Speed,1690
55247,Life and Energy Shield,1691
55307,Ignite Avoidance,1692
55332,Intelligence,1693
55373,Life and Strength,1694
55392,Armour and Evasion,1695
55414,Dagger Damage,1696
55420,Rage on Hit,1697
55558,Life on Kill against Cursed Enemies,1698
55563,Minion Life Regeneration,1699
55571,Aura Effect,1700
55643,Energy Shield,1701
55647,Lightning Damage,1702
55648,Totem Attack Speed,1703
55649,Strength,1704
55676,Life and Armour,1705
55743,Spell Block,1706
55750,Bow Critical Strike Chance and Multiplier,1707
55804,Life Recoup,1708
55854,Physical Damage,1709
55866,Elemental Damage and Resistances,1710
55880,Damage against Marked Enemy,1711
55906,Life Regeneration,1712
55913,Melee Damage,1713
55926,Staff Block,1714
55993,Elemental Damage,1715
56001,Strength,1716
56066,Wand Elemental Damage,1717
56090,Evasion and Energy Shield,1718
56149,Accuracy and Attack Damage,1719
56153,Spell Damage,1720
56158,Spell Damage per Power Charge,1721
56174,Dagger Damage and Attack Speed,1722
56186,Cold Damage Over Time Multiplier,1723
56231,Dual Wield Damage and Block,1724
56295,Intelligence,1725
56355,Melee Critical Strike Chance,1726
56370,Fortify on Melee Stun,1727
56381,Two Handed Melee Damage and Attack Speed,1728
56460,Melee Critical Strike Multiplier,1729
56509,Sword Damage and Block,1730
56589,Dexterity,1731
56646,Weapon Elemental Damage,1732
56659,Impale Effect,1733
56671,Chaos Damage and Withered Expiry Rate,1734
56803,Attack Speed,1735
56807,Block,1736
56814,Evasion,1737
56855,Bow Attack Speed and Phasing,1738
56920,Retaliation Skill Cooldown Recovery,1739
56922,Reservation Efficiency,1740
56982,Stun Threshold Reduction,1741
57011,Stun Duration per Endurance Charge,1742
57030,Poison Chance and Damage,1743
57044,Bleed Avoidance,1744
57061,Mana,1745
57080,Accuracy and Attack Speed,1746
57167,Mana and Arcane Surge Effect,1747
57226,Energy Shield and Mana,1748
57240,Mana and Flask Effect,1749
57248,Attack and Cast Speed,1750
57259,Mana Flask Charge Gain,1751
57264,Spell Damage and Mana,1752
57266,Mace Damage and Reduced Enemy Stun Threshold,1753
57283,Life Regeneration,1754
57362,Lightning Damage,1755
57404,Link Effect,1756
57449,Evasion per Frenzy Charge,1757
57457,Dual Wield Attack and Cast Speed,1758
57565,Link Mana Cost Efficiency,1759
57615,Mine Throwing Speed,1760
57651,Aggravate Bleeding On Critical Strike Chance,1761
57736,Aura Effect,1762
57746,Chaos Resistance and Avoidance,1763
57819,Bow Attack Speed and Accuracy,1764
57923,Stun Duration,1765
57953,Axe Damage and Attack Speed,1766
57992,Warcry Buff Effect,1767
58069,One Handed Damage,1768
58210,Shield Spell Damage,1769
58214,Dual Wield Attack Speed and Block,1770
58244,Intelligence,1771
58271,Life and Elemental Ailment Avoidance,1772
58288,Totem Damage and Placement Speed,1773
58336,Banner Valour Gained,1774
58402,Intelligence,1775
58453,Elemental Damage,1776
58474,Physical Damage as Extra Cold Damage,1777
58541,Mace Damage and Attack Speed,1778
58545,Mana and Aura Area of Effect,1779
58603,Freeze Chance,1780
58604,Lightning Damage,1781
58649,Evasion and Energy Shield,1782
58763,Cold and Lightning Damage,1783
58803,Two Handed Melee Critical Strike Chance and Accuracy,1784
58833,Seven,1785
58854,Evasion,1786
58869,Curse Cast Speed,1787
58968,Chaos Damage Over Time Multiplier,1788
59005,Elemental Damage,1789
59009,Mana,1790
59016,Dual Wield Block and Attack Speed,1791
59070,Brand Range and Brand Recall Cooldown Recovery,1792
59220,Critical Strike Chance,1793
59252,Dexterity,1794
59306,Physical Damage,1795
59370,Dexterity,1796
59482,Life Regeneration,1797
59494,Accuracy and Critical Strike Chance,1798
59606,Dexterity,1799
59650,Energy Shield and Mana Regeneration,1800
59699,Energy Shield Leech,1801
59718,"Armour, Evasion and Life",1802
59728,Area of Effect Damage,1803
59833,Impale Chance,1804
59861,Life Regeneration,1805
59928,Strength,1806
60090,Energy Shield,1807
60145,Link Effect,1808
60153,Physical Attack Damage,1809
60169,Two Handed Melee Damage,1810
60204,Evasion and Spell Suppression,1811
60259,Evasion and Energy Shield,1812
60388,Mana,1813
60398,Intelligence,1814
60405,Spell Critical Strike Chance,1815
60440,Intelligence,1816
60472,Strength,1817
60529,Impale Chance,1818
60532,Movement Speed,1819
60554,Minion Damage,1820
60592,Accuracy and Critical Strike Chance,1821
60648,Mana Flasks,1822
60740,Staff Damage and Stun Duration,1823
60803,Evasion,1824
60887,Bleed Chance,1825
60942,Dexterity,1826
60949,Trap and Mine Damage,1827
60963,Banner Valour Gained,1828
60989,Herald Buff Effect,1829
61007,Accuracy,1830
61050,Sword Critical Strike Multiplier,1831
61217,Elemental Damage,1832
61262,Strength,1833
61264,Lightning Damage and Shock Chance,1834
61283,Mana on Kill against Cursed Enemies,1835
61306,Dexterity,1836
61320,Life and Energy Shield,1837
61327,Weapon Cold Damage,1838
61351,Stun Threshold Reduction,1839
61388,Impale Chance with Two Handed Weapons,1840
61471,Life,1841
61525,TEMPLAR,1842
61573,Tincture Effect,1843
61602,Warcry Speed,1844
61636,Melee Critical Strike Chance,1845
61653,Life and Energy Shield,1846
61804,Fire Damage,1847
61868,Armour,1848
61875,Life and Life on Kill,1849
61950,Mace Elemental Damage and Accuracy,1850
62017,Life and Armour,1851
62021,Life,1852
62042,Sword Damage,1853
62069,Elemental Damage,1854
62103,Projectile Damage and Dexterity,1855
62108,Life Leech and Attack Speed,1856
62109,Retaliation Skill Cooldown Recovery,1857
62214,Shield Spell Block and Elemental Resistances with a Shield,1858
62217,Wand Attack Speed and Accuracy,1859
62303,Mana and Mana Cost Efficiency,1860
62319,Melee Damage,1861
62363,Strength,1862
62429,Strength,1863
62480,Curse Mana Cost Efficiency,1864
62490,Poison Avoidance,1865
62530,Fortification Duration,1866
62662,Physical Damage,1867
62694,Attack Speed,1868
62697,Shock Chance,1869
62712,Projectile Damage,1870
62721,Tincture Effect,1871
62744,Spell Suppression,1872
62767,Spell Block and Elemental Resistances,1873
62795,Evasion and Energy Shield,1874
62831,Physical and Chaos Damage,1875
62879,Retaliation Skill Speed and Shield Spell Block,1876
62970,Shield Cast Speed,1877
63027,Exerted Attack Damage,1878
63039,Herald Buff Effect,1879
63048,Life and Armour,1880
63067,Wand Damage and Attack Speed,1881
63138,Spell Block and Elemental Resistances,1882
63139,Strength,1883
63194,Reservation Efficiency,1884
63228,Mana,1885
63282,Strength,1886
63306,Retaliation Skill Damage,1887
63398,Spell Critical Strike Chance,1888
63413,Impale Chance and Attack Speed,1889
63439,Dexterity,1890
63447,Intelligence,1891
63558,Spell Damage and Stun Recovery,1892
63618,Totem Damage and Placement Speed,1893
63639,Damage and Energy Shield,1894
63649,Dexterity,1895
63723,Strength,1896
63795,Dexterity,1897
63799,Life and Energy Shield,1898
63843,Dexterity,1899
63845,Cast Speed,1900
63963,Cold Damage,1901
63965,Damage and Mana,1902
64024,Sword Critical Strike Multiplier,1903
64181,Warcry Area of Effect,1904
64210,Intelligence,1905
64221,Armour,1906
64235,Evasion and Elemental Resistances,1907
64238,Retaliation Skill Area Of Effect,1908
64239,Wand Physical Damage,1909
64241,Freeze and Chill Avoidance,1910
64257,Retaliation Skill Speed,1911
64265,Aura Area of Effect,1912
64284,Stance Skill Cooldown Recovery,1913
64401,Life and Mana on Kill against Cursed Enemies,1914
64426,Elemental Resistances with a Shield,1915
64501,Evasion and Energy Shield,1916
64509,Dagger Ailment Damage,1917
64587,Life,1918
64612,Wand Lightning Damage,1919
64695,Attack Ignite Chance,1920
64709,Dexterity,1921
64769,Poison Chance,1922
64816,Two Handed Melee Damage and Leech,1923
64878,Weapon Elemental Damage,1924
64888,Tincture Effect,1925
65033,Attack Speed,1926
65034,Life,1927
65112,Maximum Fortification,1928
65125,Warcry Duration,1929
65159,Totem Attack and Cast Speed,1930
65167,Life,1931
65203,Mana and Mana Regeneration,1932
65400,Warcry Cooldown Recovery and Exerted Attack Damage,1933
65427,Attack Speed,1934
65456,Knockback Distance,1935
65485,Armour per Endurance Charge,1936
258,Bringer of Ruin,1937
699,Foul Pact,1938
758,War of Attrition,1939
772,Shadow Ascendancy,1940
922,Divine Guidance,1941
1105,Pursuit of Faith,1942
1564,Loyal Bodyguard,1943
1697,Master Toxicist,1944
1731,"Hinekora, Death's Fury",1945
1734,Unflinching,1946
1945,Mystical Infusion,1947
2460,Caster Weapon Display,1948
2598,More Than Skill,1949
2872,Occupying Force,1950
3154,Instruments of Justice,1951
3184,Headsman,1952
3458,Marshal of Divinity,1953
3554,Essence Glutton,1954
3872,Farewell to Flesh,1955
4242,Unstable Infusion,1956
4494,Radiant Crusade,1957
4849,Mother's Teachings,1958
4917,Bastion of Elements,1959
5087,Born in the Shadows,1960
5220,Oath of the Maji,1961
5443,Focal Point,1962
5502,Unhallowed Rite,1963
5819,Unstoppable,1964
6038,Master Distiller,1965
6344,Esh of the Storm,1966
7618,Path of the Ranger,1967
8066,Bitter Lash,1968
8243,Wildwood Blessing,1969
8419,Determined Survivor,1970
8982,Sanguimancy,1971
9271,Defy Pain,1972
9437, Precursor's Release,1973
10143,Brutal Fervour,1974
10696,Legacy of the King,1975
10916,Volatile Runes,1976
11412,Inspirational,1977
11490,Plaguebringer,1978
11597,Lesson of the Seasons,1979
12003,Martial Weapon Display,1980
12860,Bound Flesh,1981
13362,Salt and Scale,1982
13374,Master of Metal,1983
13851,Instruments of Zeal,1984
14103,Calculated Risk,1985
14190, Death Offering,1986
14603,Bone Barrier,1987
15435,Templar Ascendancy,1988
15616,Jagged Technique,1989
15739,Farrul's Will,1990
15900,Oath of Fealty,1991
16287,Bone Feeders,1992
16306,Masterful Form,1993
16848,Oath of Winter,1994
16940,Pyromaniac,1995
17080,Tide Caller,1996
17309,Prolonged Servitude,1997
17315,Overwhelm,1998
17988,Untiring,1999
18519,The Wild Bear,2000
19083,Opportunistic,2001
19417,Instruments of Virtue,2002
19598,Toxic Delivery,2003
19641,Unwavering Crusade,2004
20931,Crimson Power,2005
21192,Infused Toxins,2006
23169,Wind Ward,2007
23225,One Step Ahead,2008
23572,Corpse Pact,2009
24528,Crave the Slaughter,2010
24755,Path of the Marauder,2011
24798,Duelist Ascendancy,2012
24848,Gathering Winds,2013
25309,Withering Presence,2014
25651,Conviction of Power,2015
25944,Legendary Arms,2016
26067,Endless Munitions,2017
27038,Shaper of Storms,2018
27096,Void Beacon,2019
27604,"First to Strike, Last to Fall",2020
27864,Gratuitous Violence,2021
27869,Bitter Heresy,2022
28535,Perfect Crime,2023
28609,Conjoined Spire,2024
28782,Mistwalker,2025
28884,Heartstopper,2026
29026,Sanctuary of Thought,2027
29212,Detect Evil,2028
29630,Gore Dancer,2029
29662,Experienced Herbalist,2030
29825,Escape Artist,2031
29844,Shadowed Blood,2032
30061,You're the crazy one!,2033
31344,Unholy Authority,2034
31364,Oath of Spring,2035
31517,Golden Glory,2036
31667,"Sione, Sun's Roar",2037
31700,Fortitude,2038
32216,The Vivid Cat,2039
32249,"Valako, Storm's Embrace",2040
32251,War Bringer,2041
32265,Enhanced Starlight,2042
32816,Pious Path,2043
32947,Swift Killer,2044
33645,Oath of Summer,2045
33670,It wasn't me!,2046
33940,Unstoppable Hero,2047
34229,Howl of the Wolf,2048
34434,Ritual of Awakening,2049
34484,Endless Hunger,2050
34637,Nature's Concoction,2051
34814,Lesson of the Seasons,2052
35011,Huntleader,2053
35750,Worthy Causes,2054
35989,Jewellery Display,2055
36017,Commander of Darkness,2056
36489,Armour Display,2057
36958,Seasoned Hunter,2058
37127,Profane Bloom,2059
37492,Vile Bastion,2060
38180,Impact,2061
38918,Chain Reaction,2062
38999,Ancestral Fury,2063
39728,Bastion of Hope,2064
39790,Sanctuary,2065
39834,Demolitions Specialist,2066
40059,Augury of Penitence,2067
40104,Enduring Suffusion,2068
40510,Arcane Blessing,2069
40810,Shaper of Winter,2070
40813,Nature's Reprisal,2071
41197,Coated Blade,2072
41891,Spellbreaker,2073
42264,Radiant Faith,2074
43660,Afarud Ritual,2075
43902,The Unseen Hand,2076
44297,Undeniable,2077
44482,Avidity,2078
45313,Far Shot,2079
45727,Soul Splitting,2080
46479,Noble Blood,2081
46676,Assassination Style,2082
47543,The Primal Owl,2083
47630,Frigid Wake,2084
47767,Sinner Saint,2085
47778,Bomb Specialist,2086
48214,Inevitable Judgement,2087
48239,Deathmarked,2088
48251,Primal Roar,2089
48480,"Tasalio, Cleansing Water",2090
48711,Tul of the Blizzard,2091
48719,Mistress of Sacrifice,2092
48999,Soul Drinker,2093
49532,Ranger Ascendancy,2094
50692,"Ngamahu, Flame's Advance",2095
51101,Nature's Adrenaline,2096
51462,Like Clockwork,2097
51492,Sign of Purpose,2098
51685,Brine Rot,2099
51782,Witch Ascendancy,2100
52408,That didn't happen!,2101
52553,Unlight Silhouette,2102
52575,Weapon Master,2103
52780,Cannibalised Faith,2104
52855,Cryogenesis,2105
53095,"Tukohama, War's Herald",2106
53123,Shaper of Flames,2107
53816,Unbreakable,2108
53884,Righteous Providence,2109
53992,Path of the Shadow,2110
54159,Mindless Aggression,2111
54877,Path of the Templar,2112
55146,Time of Need,2113
55509,Avatar of the Wilds,2114
55867,Polymath,2115
56292,Bestowed Knighthood,2116
56461,Liege of the Primordial,2117
56722,Path of the Witch,2118
56789,Unrelenting,2119
56967,Worthy Foe,2120
57175,Shrapnel Specialist,2121
57197,Heart of Destruction,2122
57290,Deceitful Servant,2123
57472,Gaze of the Lich,2124
57560,Rite of Ruin,2125
57850,Warlock Power,2126
58281,Blood Hunt,2127
58438,Runic Boon,2128
59826,Umbral Army,2129
59920,Aspect of Carnage,2130
60462,Illuminated Devotion,2131
61092,Corruption's Embrace,2132
61259,Mastermind of Discord,2133
61355,"Ramako, Sun's Light",2134
61372,Harmony of Purpose,2135
61437,Marauder Ascendancy,2136
61627,Ricochet,2137
61805,Master Alchemist,2138
62504,Forbidden Power,2139
62595,Unyielding,2140
62817,Bane of Legends,2141
63293,Master Surgeon,2142
63357,Path of the Duelist,2143
63362,Intensifying Suffusion,2144
63490,Measured Retaliation,2145
63623,Might of the Bear,2146
64768,Unwavering Faith,2147
65153,Unnatural Strength,2148
65296,Nature's Boon,2149
